{
  "study_name": "Coherent and Dissipative Transport in Simple Open Quantum Networks - High Loss",
  "dephasing_rates_hz": [
    0.0,
    0.02,
    0.05,
    0.1,
    0.2,
    0.4,
    0.8,
    1.6,
    3.2,
    6.4
  ],
  "times": {
    "t_final": 20.0,
    "n_samples": 900
  },
  "scenarios": [
    {
      "scenario": {
        "name": "Complete graph (high loss)",
        "topology": "complete",
        "n_sites": 4,
        "coupling_hz": 1.0,
        "sink_rate_hz": 0.6,
        "loss_rate_hz": 0.12,
        "initial_site": 1,
        "trap_site": 0,
        "disorder_strength_hz": 0.0,
        "seed": 7
      },
      "site_energies_hz": [
        0.0,
        0.0,
        0.0,
        0.0
      ],
      "best_regime": "intermediate",
      "best_dephasing_rate_hz": 3.2,
      "transport_efficiency": [
        0.2027886681126616,
        0.216845822439457,
        0.23568145836824375,
        0.26223267742717493,
        0.3024693500420778,
        0.353360962576545,
        0.4036504690453814,
        0.43798209262300997,
        0.4439573954509062,
        0.41468413861038833
      ],
      "mean_coherence_l1": [
        0.6221699658648919,
        0.5814414473148506,
        0.5300966074553127,
        0.46433474683699966,
        0.37644488456511593,
        0.28057210214413447,
        0.19220468553187825,
        0.12491104073579778,
        0.08360166097274954,
        0.061074035830356824
      ],
      "final_loss_population": [
        0.7355937998042689,
        0.725948061344313,
        0.7127570170752262,
        0.693626501523113,
        0.6633966967894582,
        0.6229763586624371,
        0.580667372170186,
        0.550537919446413,
        0.5454227284798954,
        0.572306776941538
      ]
    },
    {
      "scenario": {
        "name": "Ring graph (high loss)",
        "topology": "ring",
        "n_sites": 4,
        "coupling_hz": 1.0,
        "sink_rate_hz": 0.55,
        "loss_rate_hz": 0.1,
        "initial_site": 2,
        "trap_site": 0,
        "disorder_strength_hz": 0.5,
        "seed": 13
      },
      "site_energies_hz": [
        0.3647975870165865,
        0.355302514932059,
        0.31102339878434215,
        -0.2385536385835234
      ],
      "best_regime": "coherent",
      "best_dephasing_rate_hz": 0.0,
      "transport_efficiency": [
        0.6255257959977139,
        0.6195681145520588,
        0.6119446070946134,
        0.6018186868091697,
        0.5874354227861619,
        0.5690509081831355,
        0.5448729307422883,
        0.5091365664177208,
        0.45288127453595317,
        0.3677426368080576
      ],
      "mean_coherence_l1": [
        0.3904128126712633,
        0.36904326000245824,
        0.34205314816279025,
        0.30681843185113794,
        0.2581922787663099,
        0.20241821282287234,
        0.14893403424054802,
        0.10685318432900633,
        0.08445228177263397,
        0.06689521564354982
      ],
      "final_loss_population": [
        0.3672848377030903,
        0.3718002484258215,
        0.3778257821013797,
        0.3863106732505665,
        0.399377816443604,
        0.4174488971460475,
        0.4415932188344245,
        0.4759221481453524,
        0.5276148559184122,
        0.6019532334855019
      ]
    },
    {
      "scenario": {
        "name": "Chain graph (high loss)",
        "topology": "chain",
        "n_sites": 5,
        "coupling_hz": 1.0,
        "sink_rate_hz": 0.6,
        "loss_rate_hz": 0.1,
        "initial_site": 4,
        "trap_site": 0,
        "disorder_strength_hz": 0.0,
        "seed": 19
      },
      "site_energies_hz": [
        0.0,
        0.0,
        0.0,
        0.0,
        0.0
      ],
      "best_regime": "coherent",
      "best_dephasing_rate_hz": 0.0,
      "transport_efficiency": [
        0.5350698016613815,
        0.5286407729944494,
        0.51978438954438,
        0.5065995890016045,
        0.48402282969969784,
        0.44685319536437107,
        0.3877179176137048,
        0.30110828776172566,
        0.1948779628154431,
        0.09616963793172445
      ],
      "mean_coherence_l1": [
        0.5043874270770389,
        0.47696430332017253,
        0.44144469506603234,
        0.3934952001338582,
        0.3265932398715222,
        0.2520579849790508,
        0.1863783730225777,
        0.13752782688196585,
        0.09608368688293305,
        0.06411155869777502
      ],
      "final_loss_population": [
        0.450591724097999,
        0.4565141492997874,
        0.4647473240910029,
        0.4771047647230522,
        0.49830790615292275,
        0.5327109219992179,
        0.5855247444346751,
        0.6586466798557392,
        0.7413500088685809,
        0.8101918881833952
      ]
    }
  ]
}