{
  "study_name": "Coherent and Dissipative Transport in Simple Open Quantum Networks - Extended Nodes",
  "dephasing_rates_hz": [
    0.0,
    0.02,
    0.05,
    0.1,
    0.2,
    0.4,
    0.8,
    1.6,
    3.2,
    6.4
  ],
  "times": {
    "t_final": 24.0,
    "n_samples": 1000
  },
  "scenarios": [
    {
      "scenario": {
        "name": "Complete graph (5 nodes)",
        "topology": "complete",
        "n_sites": 5,
        "coupling_hz": 1.0,
        "sink_rate_hz": 0.7,
        "loss_rate_hz": 0.02,
        "initial_site": 1,
        "trap_site": 0,
        "disorder_strength_hz": 0.0,
        "seed": 17
      },
      "site_energies_hz": [
        0.0,
        0.0,
        0.0,
        0.0,
        0.0
      ],
      "best_regime": "intermediate",
      "best_dephasing_rate_hz": 3.2,
      "transport_efficiency": [
        0.21928147067679815,
        0.2570405614802812,
        0.30551862843459965,
        0.3701232062841577,
        0.4610181066990467,
        0.566880781420343,
        0.6649102571584419,
        0.7325818736487588,
        0.7607306444661605,
        0.7481725027352581
      ],
      "mean_coherence_l1": [
        1.5133505738665882,
        1.360437798713907,
        1.1807608093842896,
        0.9663862264959255,
        0.711757150886341,
        0.49164201418431974,
        0.31877186167902266,
        0.1968398845615914,
        0.12319540444315681,
        0.08501492592727582
      ],
      "final_loss_population": [
        0.3122814033994856,
        0.3053855263127373,
        0.29612069018702253,
        0.2829635455603704,
        0.26261932243599656,
        0.23561688082021706,
        0.20636954781103511,
        0.1826348027776957,
        0.171622935349493,
        0.17731169840510957
      ]
    },
    {
      "scenario": {
        "name": "Ring graph (6 nodes)",
        "topology": "ring",
        "n_sites": 6,
        "coupling_hz": 1.0,
        "sink_rate_hz": 0.55,
        "loss_rate_hz": 0.03,
        "initial_site": 3,
        "trap_site": 0,
        "disorder_strength_hz": 0.4,
        "seed": 23
      },
      "site_energies_hz": [
        0.15514646452589143,
        0.11316657670258445,
        -0.297084620545891,
        -0.3090335598949365,
        0.12267641706766985,
        0.2827656847721286
      ],
      "best_regime": "coherent",
      "best_dephasing_rate_hz": 0.0,
      "transport_efficiency": [
        0.7015997530746505,
        0.696640819540071,
        0.6908059015437269,
        0.6838902700244428,
        0.6751214473248016,
        0.6628509655559837,
        0.6404584465653635,
        0.6001645958669164,
        0.5307593637211119,
        0.4163089287630336
      ],
      "mean_coherence_l1": [
        1.1160730445559774,
        0.9963604218638918,
        0.8602591598547092,
        0.7072255611038948,
        0.5361217632782538,
        0.3805126764868917,
        0.25837612388399417,
        0.17673766376936575,
        0.12967971161377734,
        0.09610516325022793
      ],
      "final_loss_population": [
        0.2211977789652676,
        0.22399145482769633,
        0.22776046692081403,
        0.233147084905057,
        0.24166111434013554,
        0.25408479263178685,
        0.2718690199283775,
        0.2972297166921616,
        0.3340772854370569,
        0.38563606765896036
      ]
    },
    {
      "scenario": {
        "name": "Chain graph (6 nodes)",
        "topology": "chain",
        "n_sites": 6,
        "coupling_hz": 1.0,
        "sink_rate_hz": 0.65,
        "loss_rate_hz": 0.02,
        "initial_site": 5,
        "trap_site": 0,
        "disorder_strength_hz": 0.0,
        "seed": 29
      },
      "site_energies_hz": [
        0.0,
        0.0,
        0.0,
        0.0,
        0.0,
        0.0
      ],
      "best_regime": "coherent",
      "best_dephasing_rate_hz": 0.0,
      "transport_efficiency": [
        0.8012557955088789,
        0.793175129984398,
        0.7834987823519117,
        0.7710680744665269,
        0.7515588386480568,
        0.7167566348826198,
        0.6496416043033665,
        0.5299165901479682,
        0.3575018603989273,
        0.17784405952654248
      ],
      "mean_coherence_l1": [
        0.8601119746638964,
        0.7877250293032196,
        0.701342678976399,
        0.5955440679829885,
        0.4677744087597905,
        0.34383081551795236,
        0.25335273926432517,
        0.18708877383765776,
        0.13452625402360885,
        0.09298177388619148
      ],
      "final_loss_population": [
        0.14489602973932963,
        0.14877570776176918,
        0.1539119860611099,
        0.16120340546594744,
        0.1730779892901026,
        0.19203140493858334,
        0.2219487735645795,
        0.2647745404585479,
        0.3137163225336579,
        0.35362310995323576
      ]
    }
  ]
}