{
  "dephasing_rates_hz": [
    0.0,
    0.02,
    0.05,
    0.1,
    0.2,
    0.4,
    0.8,
    1.6,
    3.2,
    6.4
  ],
  "times": {
    "t_final": 20.0,
    "n_samples": 900
  },
  "scenarios": [
    {
      "scenario": {
        "name": "Destructive-interference network",
        "topology": "complete",
        "n_sites": 4,
        "coupling_hz": 1.0,
        "sink_rate_hz": 0.7,
        "loss_rate_hz": 0.02,
        "initial_site": 1,
        "trap_site": 0,
        "disorder_strength_hz": 0.0,
        "seed": 7
      },
      "site_energies_hz": [
        0.0,
        0.0,
        0.0,
        0.0
      ],
      "transport_efficiency": [
        0.29967524964259573,
        0.34088050301721745,
        0.39384009741568804,
        0.4639558645680748,
        0.5597255148706713,
        0.6624021179699177,
        0.7439624458868153,
        0.7891204828663304,
        0.7979444392280711,
        0.7689573785060859
      ],
      "final_loss_population": [
        0.24830934520228307,
        0.24194231229899404,
        0.23339208967361963,
        0.22131904629472435,
        0.20304072976545645,
        0.18013343829168135,
        0.15800300575370604,
        0.1433135493076288,
        0.14054262290097322,
        0.15208473004517878
      ],
      "mean_coherence_l1": [
        1.233201431263119,
        1.1144592565373854,
        0.9713878756060623,
        0.8001174870674167,
        0.6017024763950843,
        0.4198229101257854,
        0.2715067846808933,
        0.16969352086629838,
        0.11244437704921209,
        0.08378407952843793
      ],
      "best_dephasing_rate_hz": 3.2,
      "best_efficiency": 0.7979444392280711
    },
    {
      "scenario": {
        "name": "Disordered ring",
        "topology": "ring",
        "n_sites": 4,
        "coupling_hz": 1.0,
        "sink_rate_hz": 0.6,
        "loss_rate_hz": 0.03,
        "initial_site": 2,
        "trap_site": 0,
        "disorder_strength_hz": 0.7,
        "seed": 11
      },
      "site_energies_hz": [
        -0.5200017161231205,
        -0.0010109925838390765,
        0.14209770067270044,
        -0.6598353882792776
      ],
      "transport_efficiency": [
        0.7954220206603638,
        0.7923179569448545,
        0.788803179021644,
        0.7850015176038192,
        0.7813028012579698,
        0.778152375827676,
        0.7713147200164778,
        0.7517961579815959,
        0.7073668196501205,
        0.6202041855690843
      ],
      "final_loss_population": [
        0.15875127629102487,
        0.15993617037198335,
        0.1615212376698188,
        0.16377063081057897,
        0.16732339473108587,
        0.17262975502908345,
        0.18102645510784013,
        0.19586507928345875,
        0.22246626080335374,
        0.2656871462123204
      ],
      "mean_coherence_l1": [
        0.5683688674235495,
        0.5265308185668969,
        0.4759201925776947,
        0.41431132449440894,
        0.33616284755222997,
        0.2526856864365773,
        0.18117911469025186,
        0.13063449561902907,
        0.1053575781149894,
        0.08703525494796784
      ],
      "best_dephasing_rate_hz": 0.0,
      "best_efficiency": 0.7954220206603638
    },
    {
      "scenario": {
        "name": "Ordered chain",
        "topology": "chain",
        "n_sites": 5,
        "coupling_hz": 1.0,
        "sink_rate_hz": 0.65,
        "loss_rate_hz": 0.02,
        "initial_site": 4,
        "trap_site": 0,
        "disorder_strength_hz": 0.0,
        "seed": 19
      },
      "site_energies_hz": [
        0.0,
        0.0,
        0.0,
        0.0,
        0.0
      ],
      "transport_efficiency": [
        0.8120840583381616,
        0.8074448794050477,
        0.8014036011280035,
        0.7928653191554645,
        0.778334352759305,
        0.7514842011972075,
        0.6980090877622956,
        0.5963846135969468,
        0.4349905861894919,
        0.24512250783113002
      ],
      "final_loss_population": [
        0.1255694444402066,
        0.1280054467925918,
        0.1313415435964505,
        0.13626661926170894,
        0.14461570952147648,
        0.15834143212188667,
        0.18063660954146912,
        0.21433701850268747,
        0.25639580860588457,
        0.2950571590748724
      ],
      "mean_coherence_l1": [
        0.7338522286947952,
        0.6823690967122077,
        0.6180989579990852,
        0.5357885643850884,
        0.4305598689594544,
        0.3273231817347011,
        0.2463070803074624,
        0.1903555984758089,
        0.14158481006324924,
        0.100133711440936
      ],
      "best_dephasing_rate_hz": 0.0,
      "best_efficiency": 0.8120840583381616
    }
  ]
}