{
  "classical_cache_size": 106,
  "max_population_closure_error": 6.439293542825908e-15,
  "mean_quantum_minus_classical_arrival": 0.018575065706104732
}