{
  "classical_cache_size": 24,
  "max_population_closure_error": 3.1086244689504383e-15,
  "mean_quantum_minus_classical_arrival": -0.020130245394651566
}