{
  "profile": "confirm",
  "open_signature_count": 1152,
  "statistical_rows": 26,
  "families": [
    "modular_two_community"
  ],
  "edge_models": [
    "unweighted"
  ],
  "validation": {
    "max_trace_deviation": 6.106226635438361e-15,
    "max_population_closure_error": 6.106226635438361e-15,
    "min_state_eigenvalue": -1.7095947687374705e-15,
    "classical_max_population_closure_error": 3.1086244689504383e-15
  },
  "numerics_pass": true,
  "group_combined_accuracy": 0.0,
  "group_baseline_accuracy": 0.0,
  "group_classical_accuracy": 0.0,
  "group_quantum_accuracy": 0.0,
  "group_delta_accuracy": 0.0,
  "group_split_beats_baseline": false,
  "classical_control_not_enough": false,
  "dephasing_ci_excludes_zero": true,
  "strong_dephasing_effect_candidate": true,
  "strongest_statistical_gain": {
    "family": "modular_two_community",
    "edge_model": "unweighted",
    "target_style": "near",
    "disorder_strength_over_coupling": "0.6",
    "best_dephasing_over_coupling": "1.2",
    "best_arrival_n": 178,
    "best_arrival_mean": 0.4947390080746502,
    "best_arrival_std": 0.0795293841733752,
    "best_arrival_sem": 0.005960979364427064,
    "best_arrival_ci95_low": 0.48305548852037317,
    "best_arrival_ci95_high": 0.5064225276289273,
    "dephasing_gain_n": 178,
    "dephasing_gain_mean": 0.17152676521947005,
    "dephasing_gain_std": 0.08711906295815654,
    "dephasing_gain_sem": 0.006529849840276386,
    "dephasing_gain_ci95_low": 0.15872825953252834,
    "dephasing_gain_ci95_high": 0.18432527090641176,
    "best_sink_hitting_time_filled_n": 178,
    "best_sink_hitting_time_filled_mean": 2.0591067887829286,
    "best_sink_hitting_time_filled_std": 0.6042085570674854,
    "best_sink_hitting_time_filled_sem": 0.04528734602845447,
    "best_sink_hitting_time_filled_ci95_low": 1.9703435905671578,
    "best_sink_hitting_time_filled_ci95_high": 2.1478699869986992,
    "best_mean_coherence_l1_n": 178,
    "best_mean_coherence_l1_mean": 0.4615575116231543,
    "best_mean_coherence_l1_std": 0.09992129491368747,
    "best_mean_coherence_l1_sem": 0.007489417694330975,
    "best_mean_coherence_l1_ci95_low": 0.4468782529422656,
    "best_mean_coherence_l1_ci95_high": 0.476236770304043,
    "best_final_entropy_n": 178,
    "best_final_entropy_mean": 2.2735914527702508,
    "best_final_entropy_std": 0.1757244309695815,
    "best_final_entropy_sem": 0.013171102954246708,
    "best_final_entropy_ci95_low": 2.247776090979927,
    "best_final_entropy_ci95_high": 2.2994068145605744,
    "best_participation_ratio_n": 178,
    "best_participation_ratio_mean": 9.801755657650013,
    "best_participation_ratio_std": 1.6994353501238089,
    "best_participation_ratio_sem": 0.12737806483175715,
    "best_participation_ratio_ci95_low": 9.552094650579768,
    "best_participation_ratio_ci95_high": 10.051416664720257,
    "best_ipr_n": 178,
    "best_ipr_mean": 0.1052921604413323,
    "best_ipr_std": 0.019098236665478295,
    "best_ipr_sem": 0.0014314733584718635,
    "best_ipr_ci95_low": 0.10248647265872744,
    "best_ipr_ci95_high": 0.10809784822393716
  },
  "max_gain_mean": 0.17152676521947005,
  "size_generalization_available": false,
  "classical_control": {
    "classical_cache_size": 24,
    "max_population_closure_error": 3.1086244689504383e-15,
    "mean_quantum_minus_classical_arrival": -0.020130245394651566
  },
  "scientific_verdict": "exploratory_only"
}