{
  "i_spin": 1.5,
  "nu0_hz": 105750733.1,
  "nu_q_hz": 15625.0,
  "temperature_k": 301.15,
  "t_pi2_s": 4e-06,
  "t_tomo_s": 4.6e-06,
  "acquisition_delay_s": 5e-06,
  "evolution_time_s": 7e-06,
  "ringdown_delay_s": 1e-05,
  "dwell_time_s": 8e-06,
  "n_acq": 4096,
  "n_zf": 4096,
  "fi_pulse_rad": 0.0,
  "fi_rx_rad": -1.5707963267948966,
  "delta_bs_hz": 9.234569552123514,
  "delta_offset_hz": 0.1442901492521226,
  "transition_labels": [
    "SAT-",
    "CT",
    "SAT+"
  ],
  "expected_transition_centers_hz": [
    -15625.0,
    0.0,
    15625.0
  ],
  "decay_params": [
    [
      0.999896221029647,
      -312.541270167342,
      0.000103778970353297,
      0.0
    ],
    [
      1.0,
      -165.166898029245,
      0.0,
      -0.0739022476417014
    ],
    [
      1.0,
      -335.932241593772,
      0.0,
      -0.0739951014816252
    ]
  ]
}