{
  "scenarios": {
    "Complete graph": {
      "efficiency_no_dephasing": 0.29967524964259573,
      "efficiency_optimal_dephasing": 0.7979444392280711,
      "efficiency_high_dephasing": 0.7689573785060859,
      "optimal_dephasing_rate_hz": 3.2,
      "best_regime": "intermediate",
      "enaqt_gain_over_coherent": 0.4982691895854754,
      "high_dephasing_penalty": 0.028987060721985203,
      "mean_coherence_at_optimum": 0.11244437704921209,
      "final_sink_population_at_optimum": 0.7979444392280711,
      "final_loss_population_at_optimum": 0.14054262290097322,
      "max_trace_deviation_at_optimum": 2.220446049250313e-15,
      "max_population_closure_error_at_optimum": 2.220446049250313e-15,
      "min_state_eigenvalue_at_optimum": 0.0
    },
    "Ring graph": {
      "efficiency_no_dephasing": 0.7954220206603638,
      "efficiency_optimal_dephasing": 0.7954220206603638,
      "efficiency_high_dephasing": 0.6202041855690843,
      "optimal_dephasing_rate_hz": 0.0,
      "best_regime": "coherent",
      "enaqt_gain_over_coherent": 0.0,
      "high_dephasing_penalty": 0.17521783509127953,
      "mean_coherence_at_optimum": 0.5683688674235495,
      "final_sink_population_at_optimum": 0.7954220206603638,
      "final_loss_population_at_optimum": 0.15875127629102487,
      "max_trace_deviation_at_optimum": 3.219646771412954e-15,
      "max_population_closure_error_at_optimum": 3.219646771412954e-15,
      "min_state_eigenvalue_at_optimum": -1.0814512854862712e-15
    },
    "Chain graph": {
      "efficiency_no_dephasing": 0.8120840583381616,
      "efficiency_optimal_dephasing": 0.8120840583381616,
      "efficiency_high_dephasing": 0.24512250783113002,
      "optimal_dephasing_rate_hz": 0.0,
      "best_regime": "coherent",
      "enaqt_gain_over_coherent": 0.0,
      "high_dephasing_penalty": 0.5669615505070316,
      "mean_coherence_at_optimum": 0.7338522286947952,
      "final_sink_population_at_optimum": 0.8120840583381616,
      "final_loss_population_at_optimum": 0.1255694444402066,
      "max_trace_deviation_at_optimum": 2.7755575615628914e-15,
      "max_population_closure_error_at_optimum": 2.7755575615628914e-15,
      "min_state_eigenvalue_at_optimum": -6.221177567225639e-16
    }
  }
}