{
  "final_purity": 0.634231330540923,
  "final_entropy": 0.5521530941225316,
  "final_entropy_production": 0.0023065759239668786,
  "final_free_energy_like": -0.8660340556365059
}