{
  "chain_N6_r0_s1006_near": {
    "n_sites": 6.0,
    "n_edges": 5.0,
    "density": 0.3333333333333333,
    "mean_degree": 1.6666666666666667,
    "std_degree": 0.4714045207910317,
    "initial_degree": 1.0,
    "target_degree": 2.0,
    "target_betweenness": 0.4,
    "target_closeness": 0.45454545454545453,
    "initial_target_distance": 1.0,
    "modularity_approx": 0.26,
    "spectral_radius": 1.801937735804838,
    "spectral_gap": 4.440892098500626e-16,
    "spectral_degeneracy_approx": 0.0,
    "spectral_initial_target_overlap": 0.8711192398635156,
    "target_mode_weight_ipr": 0.21428571428571405
  },
  "chain_N6_r0_s1006_far": {
    "n_sites": 6.0,
    "n_edges": 5.0,
    "density": 0.3333333333333333,
    "mean_degree": 1.6666666666666667,
    "std_degree": 0.4714045207910317,
    "initial_degree": 1.0,
    "target_degree": 1.0,
    "target_betweenness": 0.0,
    "target_closeness": 0.3333333333333333,
    "initial_target_distance": 5.0,
    "modularity_approx": 0.26,
    "spectral_radius": 1.801937735804838,
    "spectral_gap": 4.440892098500626e-16,
    "spectral_degeneracy_approx": 0.0,
    "spectral_initial_target_overlap": 0.9999999999999999,
    "target_mode_weight_ipr": 0.21428571428571422
  },
  "ring_N6_r0_s1006_near": {
    "n_sites": 6.0,
    "n_edges": 6.0,
    "density": 0.4,
    "mean_degree": 2.0,
    "std_degree": 0.0,
    "initial_degree": 2.0,
    "target_degree": 2.0,
    "target_betweenness": 0.2,
    "target_closeness": 0.5555555555555556,
    "initial_target_distance": 1.0,
    "modularity_approx": 0.16666666666666666,
    "spectral_radius": 1.9999999999999998,
    "spectral_gap": 2.220446049250313e-16,
    "spectral_degeneracy_approx": 2.0,
    "spectral_initial_target_overlap": 0.666666666666667,
    "target_mode_weight_ipr": 0.277777777777778
  },
  "ring_N6_r0_s1006_far": {
    "n_sites": 6.0,
    "n_edges": 6.0,
    "density": 0.4,
    "mean_degree": 2.0,
    "std_degree": 0.0,
    "initial_degree": 2.0,
    "target_degree": 2.0,
    "target_betweenness": 0.2,
    "target_closeness": 0.5555555555555556,
    "initial_target_distance": 3.0,
    "modularity_approx": 0.16666666666666666,
    "spectral_radius": 1.9999999999999998,
    "spectral_gap": 2.220446049250313e-16,
    "spectral_degeneracy_approx": 2.0,
    "spectral_initial_target_overlap": 1.0000000000000002,
    "target_mode_weight_ipr": 0.19444444444444442
  },
  "complete_N6_r0_s1006_near": {
    "n_sites": 6.0,
    "n_edges": 15.0,
    "density": 1.0,
    "mean_degree": 5.0,
    "std_degree": 0.0,
    "initial_degree": 5.0,
    "target_degree": 5.0,
    "target_betweenness": 0.0,
    "target_closeness": 1.0,
    "initial_target_distance": 1.0,
    "modularity_approx": 0.0,
    "spectral_radius": 4.999999999999996,
    "spectral_gap": 3.9999999999999947,
    "spectral_degeneracy_approx": 4.0,
    "spectral_initial_target_overlap": 0.38985288008404784,
    "target_mode_weight_ipr": 0.5491883664588803
  },
  "complete_N6_r0_s1006_far": {
    "n_sites": 6.0,
    "n_edges": 15.0,
    "density": 1.0,
    "mean_degree": 5.0,
    "std_degree": 0.0,
    "initial_degree": 5.0,
    "target_degree": 5.0,
    "target_betweenness": 0.0,
    "target_closeness": 1.0,
    "initial_target_distance": 1.0,
    "modularity_approx": 0.0,
    "spectral_radius": 4.999999999999996,
    "spectral_gap": 3.9999999999999947,
    "spectral_degeneracy_approx": 4.0,
    "spectral_initial_target_overlap": 0.38985288008404784,
    "target_mode_weight_ipr": 0.5491883664588803
  },
  "star_N6_r0_s1006_near": {
    "n_sites": 6.0,
    "n_edges": 5.0,
    "density": 0.3333333333333333,
    "mean_degree": 1.6666666666666667,
    "std_degree": 1.4907119849998596,
    "initial_degree": 1.0,
    "target_degree": 5.0,
    "target_betweenness": 1.0,
    "target_closeness": 1.0,
    "initial_target_distance": 1.0,
    "modularity_approx": 0.0,
    "spectral_radius": 2.23606797749979,
    "spectral_gap": 0.0,
    "spectral_degeneracy_approx": 3.0,
    "spectral_initial_target_overlap": 0.44721359549995776,
    "target_mode_weight_ipr": 0.49999999999999983
  },
  "star_N6_r0_s1006_far": {
    "n_sites": 6.0,
    "n_edges": 5.0,
    "density": 0.3333333333333333,
    "mean_degree": 1.6666666666666667,
    "std_degree": 1.4907119849998596,
    "initial_degree": 1.0,
    "target_degree": 1.0,
    "target_betweenness": 0.0,
    "target_closeness": 0.5555555555555556,
    "initial_target_distance": 2.0,
    "modularity_approx": 0.0,
    "spectral_radius": 2.23606797749979,
    "spectral_gap": 0.0,
    "spectral_degeneracy_approx": 3.0,
    "spectral_initial_target_overlap": 0.7708203932499367,
    "target_mode_weight_ipr": 0.17999999999999985
  }
}