{
  "classical_cache_size": 14,
  "max_population_closure_error": 1.3322676295501878e-15,
  "mean_quantum_minus_classical_arrival": -0.015495579007592849
}